filename,chroma_stft,rmse,spectral_centroid,spectral_bandwidth,rolloff,zero_crossing_rate,mfcc1,mfcc2,mfcc3,mfcc4,mfcc5,mfcc6,mfcc7,mfcc8,mfcc9,mfcc10,mfcc11,mfcc12,mfcc13,mfcc14,mfcc15,mfcc16,mfcc17,mfcc18,mfcc19,mfcc20,label
malpita.wav,0.224644388,0.069264859,2911.134275,2226.117782,5025.541636,0.18204058,-370.7949195,47.17685901,1.852100479,-13.88526731,-14.94432954,-6.933496979,-25.99655661,-18.056598,-15.7829514,-5.216764856,-9.98103084,-6.709469406,-14.28099372,-13.92301906,-7.080107677,-8.639537139,-17.90107954,-2.996089279,-9.652541101,-9.397213754,amal
vocals1.wav,0.205473384,0.093084797,2256.184765,2338.048136,4878.927436,0.097469878,-340.7191218,45.87279633,14.79113416,-14.93903086,-0.00590491,0.797719132,-15.80009309,-13.24855804,-19.36550524,-2.122452763,-13.14584595,-4.426796695,-16.48350516,-13.22828293,-5.498431125,-5.375162138,-17.714951,-6.294276047,-11.33074668,-13.18022377,amal
vocals10.wav,0.176802693,0.055894252,1638.373194,1587.447498,3079.468187,0.079304391,-394.4280091,39.39373267,-8.994263291,-0.282953696,-2.384180188,-9.460988907,-23.93102498,-16.39234007,-14.31997037,-7.418582134,-6.430716869,-6.866549779,-5.493785378,-8.701612967,-4.795972122,-6.423318769,-15.5454298,-2.947237038,-6.269243908,-12.81045751,amal
vocals2.wav,0.225755013,0.05267759,3665.717182,2806.263596,7063.772698,0.188703523,-348.544549,12.58943834,5.992610725,-13.81277088,-19.32235158,-16.46770684,-21.70322314,-17.77545799,-22.09315346,-14.08570104,-24.88895063,-12.08102165,-8.243320464,-7.221120206,-2.921372403,-3.242052909,-7.742445643,2.484273694,-2.895497941,2.044675093,amal
vocals3.wav,0.207250401,0.056097273,1998.532234,1895.902053,4056.185625,0.099042735,-399.0921363,41.16343495,2.649368239,-13.62501467,-17.63409658,-7.767999578,-19.3653558,-13.68035773,-15.11223168,-7.221378678,-11.33253049,-9.810425785,-6.246688996,-8.741586653,-5.483859014,-10.93015337,-10.45507263,0.660184058,-5.141048211,-9.044441895,amal
vocals4.wav,0.189982913,0.086213723,1739.373104,2043.939797,3782.406644,0.067544439,-362.9601545,55.97863702,19.3728115,-14.80027243,-0.51952136,4.36220206,-13.54465799,-16.27676794,-21.62961879,-4.725514255,-19.88458539,-5.491052087,-13.64159251,-13.63354876,-7.621603954,-4.919822008,-19.12928511,-10.86071149,-11.19188425,-11.98974592,amal
vocals5.wav,0.188156738,0.060694609,2474.719351,1953.220065,4246.508492,0.163682824,-408.2779629,48.47847515,13.58592325,-13.04315021,-4.702069674,-6.736272131,-17.58887912,-12.1280884,-14.43636491,-4.602877289,-10.87844452,-3.25213302,-11.09178437,-9.999118661,-7.653433484,-4.238879365,-13.38800481,-2.973993428,-8.693853313,-7.299294124,amal
vocals6.wav,0.168853363,0.068493381,1620.196543,1643.261688,3183.105847,0.08186462,-390.3241409,45.62492338,-1.859313426,-14.71338045,-5.517663179,-7.330984535,-19.52246412,-17.02906707,-17.76936701,-4.737709899,-17.13364424,-3.81471154,-11.70659218,-13.30736841,-6.554879706,-5.778551443,-17.29739022,-7.277038772,-7.820753411,-10.62354894,amal
vocals7.wav,0.183175654,0.063726127,1862.889769,1870.990141,3831.70429,0.083976145,-377.5079328,36.27865019,7.737487996,-9.388562622,-7.547620866,6.037221904,-12.74899898,-10.55799442,-15.74290432,-8.407301302,-3.647840182,-3.399421409,-12.78642061,-8.994425782,-6.288420333,-4.118891927,-14.68638137,-2.441259044,-9.410724245,-7.361489871,amal
vocals8.wav,0.190432231,0.069893613,1866.406223,2093.447873,3893.334918,0.081463149,-386.6770647,47.2479167,16.80024676,-6.709253314,-1.781086178,-0.350836094,-23.86102619,-9.429861918,-15.73578386,-7.152969945,-12.34218846,-10.14499945,-10.22861772,-10.89597122,-2.04136029,-10.64739821,-14.9147595,-5.416578651,-8.036330292,-8.281400388,amal
vocals9.wav,0.195717869,0.051501151,2013.832722,2011.138206,3922.140284,0.105111359,-411.3876303,40.71789738,7.310286902,-4.001155564,1.210278605,-8.704399364,-17.30204474,-15.32996269,-10.82326901,-5.076871595,-10.92143536,-5.242690402,-9.558614996,-5.905844832,-3.322971886,-5.355709301,-16.38518824,-5.082660496,-8.737748123,-8.411238988,amal
adawanwu.wav,0.268138198,0.080335982,1939.127236,1887.006939,3587.427402,0.101627476,-329.3707121,74.5046917,1.252809558,11.64118575,-5.435501697,-3.161215123,-10.36350162,-0.353477731,-22.46919093,-5.31400831,3.61435677,-9.704526483,-4.385101343,-10.81343382,-4.809302031,0.08870937,-10.70673729,4.91939726,-4.948189893,-8.73004815,amaradewa
aetha.wav,0.26916957,0.071718603,3173.95056,2448.190252,5912.773162,0.17640595,-274.6064747,54.04763669,8.364040954,1.156680558,-8.53266842,-9.681730981,-16.88773254,-1.676589216,-30.19397314,4.574975121,-8.771934857,-8.458716768,-6.330682705,-7.644947949,-5.656992041,0.238972345,-13.53123367,2.763416086,-3.365862417,-6.481169019,amaradewa
apara.wav,0.235724349,0.081275456,2129.286958,1683.449853,3614.866798,0.135341493,-338.7498994,61.76139375,-12.96088875,21.73755359,3.390558471,-5.340222796,-18.99856148,-6.919953841,-20.72837912,-8.656076483,-7.895327624,-13.41686173,-9.896607897,-5.480634275,-6.655080568,-4.340023685,-10.86670725,-5.122193596,-5.333021427,-11.3705126,amaradewa
aradhana.wav,0.212757734,0.112582393,1278.903979,1089.082152,2306.625084,0.078428785,-318.5294341,95.38721371,-21.66860859,2.231494615,-37.99021661,-20.17599542,-1.469179815,-30.30701888,-21.62577236,-11.91537511,-13.33916744,-10.85346798,-10.13254726,-11.74696679,-4.03873918,1.305519126,-5.482079013,0.307580345,-6.366586407,-14.64641791,amaradewa
Ase.wav,0.225453335,0.041357271,2047.860042,1664.167219,3488.358521,0.118837292,-417.1201557,66.72675506,-8.28109322,22.02443771,-10.79526555,-12.88486954,-25.88407309,-9.752305608,-28.01942297,-13.89855403,-9.198550362,-18.16114265,-10.66618657,-7.730696603,-2.107559354,1.414702373,-14.36105594,-6.331634387,-3.650053894,-19.25768219,amaradewa
athuaga.wav,0.225304999,0.038528014,1808.613691,1649.071854,3236.572394,0.096098487,-428.8102859,44.15438123,5.788490875,9.695252609,-4.512093955,-7.009382507,-11.75481601,-5.077394713,-15.69853145,-5.107276082,-6.888725053,-10.09493856,-8.280963707,-5.069828276,-4.423861713,-3.956951138,-10.61347247,-3.511313277,-7.537086186,-9.346226346,amaradewa
EseMathuwana.wav,0.211856052,0.008762741,1007.328068,991.5014418,1673.551927,0.077042778,-567.7506531,51.26424972,21.96964746,7.982317408,2.270572552,-5.57534909,-9.34635111,-8.936019425,-10.88690074,-12.12608569,-9.662015438,-7.93931022,-7.105781446,-4.846791086,-4.244377438,-5.41908891,-4.315882655,-3.026800818,-4.507713143,-4.791743212,amaradewa
IpidaMare.wav,0.254150048,0.027728895,662.9018591,649.5401883,1037.810369,0.049697723,-451.2442798,88.87107682,32.13304993,3.855453416,-0.328469739,-5.874267094,-12.19864517,-12.45825083,-10.98048161,-9.6608528,-7.596096563,-7.255267962,-7.596693606,-6.013529567,-5.405877707,-6.405702918,-5.230172758,-4.071677615,-6.528828497,-8.010747501,amaradewa
IraHandaPaayana.wav,0.238613098,0.037305623,1312.48436,1155.375629,2354.692724,0.085620001,-401.778215,80.41739431,8.40639209,19.11511358,-4.078461626,-16.28529282,-2.984309146,-13.69014235,-11.0350741,-3.263221115,-7.789489933,-3.635968309,-5.72292283,-6.124169838,0.555245517,-7.873212476,-6.521168971,1.928955542,-8.519592067,-5.45267152,amaradewa
MeaGuruPare.wav,0.223574054,0.033473067,1232.055002,1463.533925,2427.301236,0.05956988,-418.893247,83.12898475,9.337303049,19.95472158,6.426376386,-8.558037243,-21.25348715,-10.27038093,-17.43240173,-12.60143755,-11.35089902,-16.18876095,-6.199792058,-8.776928855,-6.184395492,-11.04160884,-6.619953835,-3.36597362,-14.9054411,-8.769458195,amaradewa
Track1.wav,0.213349627,0.076805934,2455.878181,1777.867988,4146.420157,0.144723231,-359.3166916,37.39197677,-14.329733,-3.081138894,2.168319232,-17.40339469,-13.25718664,-0.589714152,-15.63722438,-9.529293654,-9.533591406,-5.140096512,-5.983385549,-1.303525381,-4.211777751,-2.295664916,-6.077399784,0.467881436,1.762021096,-0.784797797,amarasiri
Track10.wav,0.208618872,0.077041015,2678.654175,2039.660951,4284.727671,0.175203793,-376.3256667,52.4616889,2.597432757,-9.36353134,-8.056140729,-13.07754343,-8.863199741,-12.39192996,-19.13646366,-9.696093767,-3.882372113,-7.254629466,-9.409322333,-8.794859362,-5.333639633,-4.405551846,-13.91163571,0.85768929,-4.499208605,-12.00319874,amarasiri
Track2.wav,0.221767718,0.063084617,2001.687309,1542.108443,3319.561258,0.135118846,-384.5241835,55.74787424,-10.42563943,10.88634826,5.525752727,-11.70128034,-11.07622023,-5.824195376,-11.41782175,-8.492071458,-7.105208794,-9.800814019,-7.491839371,-10.27156379,-6.019368859,-3.444904249,-6.947712474,0.42589766,-3.131952444,-7.007505902,amarasiri
Track3.wav,0.218478432,0.100466043,2079.869796,1707.724353,3473.658247,0.120924996,-324.526707,64.91760957,-14.79865101,5.509053845,3.124719765,-11.07221748,-14.49060486,-10.48284262,-18.45319538,-7.230053927,-2.982168735,-18.37410544,-11.3520346,-11.27590112,-1.158642807,-3.379313528,-14.17730144,-1.437354209,-8.877790817,-12.20144025,amarasiri
Track4.wav,0.224888364,0.085303843,3344.04642,2106.070166,5252.93329,0.226383826,-338.5895584,44.71936192,-0.131454615,7.62805371,0.99365174,-4.781486529,-14.93614914,-6.793478815,-8.187384162,-10.53001749,0.307421069,-13.0099246,-3.306788364,-10.5075529,-2.755320974,-2.621850051,-8.402343275,3.134752727,-4.221620857,-8.398807015,amarasiri
Track5.wav,0.223405019,0.090421595,1980.033526,1705.223913,3411.632598,0.112446891,-337.0970409,63.01144057,-17.4859463,0.883217786,-1.37408314,-13.1891981,-7.429549535,-1.463468264,-11.29317121,-2.769290743,0.716281404,-6.514255041,-6.198151684,-9.399028851,-10.36240768,-4.28900754,-13.6539531,-1.393763492,-3.585114683,-6.600686133,amarasiri
Track6.wav,0.224000739,0.113390997,2770.898265,1610.376651,4103.796387,0.207740849,-334.1266825,69.43947008,-7.677481285,19.2174532,-2.110768837,-9.678329405,-12.89314008,-7.995265297,-14.77112293,-8.80883786,-4.645558948,-13.01315124,-6.041041042,-12.46376125,-7.057119286,-3.140751247,-13.58794879,-0.886811552,-3.602290384,-11.87319077,amarasiri
Track7.wav,0.216288864,0.055407323,3448.554327,2010.811519,5320.333262,0.2468404,-397.5773956,30.95087729,-1.209767415,5.024134479,-1.759948922,-7.314213931,-5.27924161,-5.836717882,-12.78045331,-2.614939208,-6.532352507,-5.516991113,-6.101403345,-5.561307782,-3.56056717,-1.801921,-10.68730022,-1.079524964,-1.52719387,-10.25914448,amarasiri
Track9.wav,0.194775646,0.056833856,2043.190693,1557.806035,3319.013138,0.125057442,-398.0810558,53.8917687,-16.34561114,2.305999496,0.450414904,-11.55307319,-10.41046032,-6.779647576,-11.74134948,-7.035633824,-4.615733397,-12.95303804,-6.553986406,-8.752230472,-3.572851681,-3.733936968,-9.880661344,-0.320425067,-5.814596529,-8.12865234,amarasiri
1.wav,0.313004154,0.083408885,3386.86431,1480.692285,4976.959381,0.270039399,-277.93601,7.0111775,-71.05944099,26.76956013,-51.6316335,6.314181937,-37.51770463,0.350476992,-16.04060553,-13.19978876,2.467977589,-11.36612709,-1.661632164,-4.254394462,5.040251168,-14.55636494,6.886683995,-3.26619235,-4.395027739,0.100562156,anjaline
2.wav,0.2611868,0.123021848,2064.900586,1510.320189,3613.828142,0.125730927,-217.8520582,78.54466551,-55.18240518,33.30786673,-35.02378336,-6.518955795,-23.60083865,-8.197000995,-20.59997834,-13.17159633,4.038615702,-13.45858723,-4.404242165,-6.318165724,-1.772262719,-9.550730309,4.287628863,3.128658719,3.551575594,10.1277937,anjaline
3.wav,0.266987806,0.103975862,2175.463805,1524.345602,3756.745727,0.139839698,-257.8008554,64.93584348,-53.80930979,45.66712275,-17.18977039,-2.977867447,-27.99830563,-0.426867655,-7.712051794,-14.65132116,-5.94863407,-9.735690658,1.275437005,-2.360465054,4.202124849,-1.893083732,8.427048131,-0.173646277,2.147811048,3.055666456,anjaline
4.wav,0.24157197,0.114162415,1957.766489,1277.408325,3158.685646,0.127143159,-280.2520522,89.71807789,-34.68496655,16.60859447,-26.25639203,-6.142929184,-13.90431182,-25.53718022,-17.16979662,8.524295726,-10.99021298,-20.12741381,11.65316981,-5.395778699,-4.314446312,-3.082510473,3.061035831,-0.298660395,-11.12116214,2.346759458,anjaline
5.wav,0.284413272,0.121500783,1283.68891,1045.874105,2309.564871,0.077745007,-293.2360701,124.8619354,-44.01620556,8.871745596,13.0401445,-8.430434276,-3.669085889,-4.793498635,-3.353933473,-3.916912721,0.550256161,2.964392035,3.170288179,6.530711077,3.585719793,0.988868119,1.554919068,-0.803347794,2.023826186,5.093110127,anjaline
6.wav,0.262979259,0.078453831,3060.993025,1828.128935,5044.998094,0.211821356,-311.6647207,33.09667699,-22.15487128,40.51788191,-37.22737045,5.886309298,-21.97208151,0.987493262,-28.54760057,-3.258376813,-8.319763991,-16.13396728,5.240886751,-13.05895192,7.322608223,-9.297000587,4.971014143,-4.112605241,-2.863067716,1.077443463,anjaline
7.wav,0.262278726,0.080075718,2737.415918,1464.898166,4155.728744,0.198579636,-314.283042,46.13041391,-35.45806353,19.3555317,-20.4632054,2.545007946,-12.47623496,-7.295780459,-9.92654032,-11.09839247,-6.563494851,-6.96217816,-1.923220191,-1.342667639,4.367180536,-3.612029519,4.649676148,-0.237554392,-2.035352255,-0.550904788,anjaline
8.wav,0.267866767,0.095335118,2701.268496,1862.932411,4754.462525,0.167368745,-294.0994654,43.36479413,-19.10450159,38.31109574,-35.76121032,9.373711226,-18.17875906,-1.577884328,-24.13931447,-3.794172601,-5.409349073,-12.96638895,5.30344645,-10.9568089,9.154656165,-6.621049744,5.000663377,-1.169254478,-1.6043071,2.352384438,anjaline
9.wav,0.262131997,0.082097627,2552.971275,1582.200575,4210.88207,0.168759761,-308.9050939,33.69560566,-51.09486366,33.65645857,-19.87804315,5.729541878,-17.92307955,-2.18180491,-7.566196815,-7.185939748,6.704203769,-1.852060252,11.17350382,14.54289286,9.199304688,3.39782559,11.93668713,-0.166674339,1.415987281,2.876136148,anjaline
bindunuPemin.wav,0.196845602,0.092575513,2434.884955,1959.059834,4208.81843,0.130567046,-362.0189596,16.65683134,-13.96746917,13.14897217,-26.08118722,-24.95673327,-11.40307167,-40.81602644,-11.45312826,-12.52128302,-23.58981037,-15.02546147,-5.175362745,3.09765982,4.956866244,11.51849254,13.150125,4.659410221,1.58117043,-3.284381903,chandralekha
hiruGilila.wav,0.208141611,0.073562562,2442.499524,1791.739019,4220.249099,0.145646449,-350.8253193,32.32120355,-29.58587671,17.5834099,-20.73741724,-23.92653269,-11.42018625,-30.05274481,-21.23680571,-10.30662248,-23.01708522,-10.08288297,-13.66465276,-3.860744668,-4.022539208,-6.010569191,-0.488322977,3.626308619,0.819532649,8.075510236,chandralekha
Jesujesu.wav,0.222220147,0.035781357,2195.242901,1578.546383,3615.807205,0.140189868,-435.7588763,51.54882077,-30.51498493,-4.843620685,-24.08424253,-20.15285496,-7.118400949,-27.03909609,-14.89966095,-12.82774655,-15.60395659,-6.472275318,-5.766218265,1.122914447,3.258867623,4.775019202,3.707141362,4.420183123,2.794879601,-0.588057498,chandralekha
kohedo.wav,0.216087864,0.049389049,2201.932336,1382.795162,3598.859374,0.15057359,-377.1025312,44.570504,-58.25166078,-5.413740828,-27.59351906,-10.9072819,1.78770045,-29.89210857,-5.558749547,-6.280533261,-18.16930129,-6.558602622,-12.00247223,1.738938083,-8.428389973,-3.740412324,6.070521441,4.132747656,7.320440325,4.755429841,chandralekha
kusumata.wav,0.206293,0.064290084,2572.141942,1749.341077,4235.135735,0.171278377,-371.4903187,31.37359135,-46.96051593,0.698438423,-17.83511115,-12.43492534,-2.11983196,-32.32576808,-7.909158837,-4.977320998,-17.44319506,-10.43983132,-10.3301335,-0.853968685,0.857117426,-3.278613078,2.818270566,6.12626114,6.839100113,12.56247172,chandralekha
MageDinapothe.wav,0.198303985,0.025551917,1280.150972,964.3353624,2033.818488,0.10441521,-475.375178,38.47874492,-3.439287181,-14.53745539,-7.654568426,-7.003386859,-8.140086834,-7.117633353,-8.878971831,-10.20213947,-8.423889304,-6.479035599,-2.264069407,4.084498843,5.53034817,3.14653739,3.318313599,3.229381018,0.015779805,-0.889962576,chandralekha
MeaPaaluSeetha.wav,0.217607722,0.03680611,1772.740598,1179.659458,2790.730382,0.145520696,-453.9701777,36.11143907,-12.45197791,-21.2142209,-6.983107346,-4.769555026,-11.99861813,-10.06353032,-2.659216946,-4.525047256,-8.631364369,-2.913148131,5.396306779,7.137068845,4.039980239,1.219459273,0.019294259,-1.782896903,-2.393495798,0.872925867,chandralekha
pemSihinaMawana.wav,0.194979089,0.036579624,935.1279472,689.3905779,1433.000271,0.072902983,-459.260489,60.1733104,7.958586236,-14.50340603,-5.547162626,2.137036206,-4.789599773,-14.19832054,-16.24178741,-14.67904883,-15.51292112,-16.46332159,-12.96398165,-8.562941174,-8.666232572,-9.112859789,-3.414275578,5.156227052,9.349724436,8.198674786,chandralekha
RanPokunata.wav,0.213196812,0.004245102,1661.447296,1397.793679,2801.030805,0.131071662,-585.4338184,15.34546325,5.601935017,1.964882451,1.69365838,0.524763396,-0.000443298,-0.407794785,-3.002505621,-5.50867802,-5.215714541,-3.608955461,-2.426987719,-1.852742295,-2.175276265,-2.584881427,-1.774781303,-0.683869375,-0.346187781,0.329624159,chandralekha
tharu.wav,0.186105504,0.03474576,1880.982945,1219.176193,3069.87901,0.130591361,-459.3789402,35.73971212,-38.70379035,0.687257327,-23.77770583,-20.942545,-3.986686496,-23.53815134,-10.66215811,-9.987056318,-14.97420568,-4.672050151,-1.787652145,7.435634386,7.611036694,5.243314873,3.10039946,2.324822018,3.022704961,2.743644979,chandralekha
1.wav,0.247612414,0.045338944,2956.551378,1784.073433,4672.428917,0.20967299,-443.967313,49.28034272,-6.859045752,39.24180947,1.32253813,-13.7601499,9.245104288,-9.270975934,-28.82405942,-14.22635987,-9.255932295,-14.39534836,-16.19846845,-12.68658433,-3.010476082,-12.97999409,-14.79075968,-4.097851323,-12.34155613,-11.32028595,clarence
10.wav,0.203972947,0.049823012,1890.947436,1581.967233,3404.220155,0.093917876,-385.0437828,31.1398897,-9.102035075,39.98035599,-8.235165709,-12.12795918,1.010843285,-10.18814738,-26.92435048,-7.400276523,-11.35145012,-12.03141507,-13.19559479,-14.19076288,-2.391054032,-7.459342178,-12.080884,-0.590172058,-8.772491416,-6.736647927,clarence
2.wav,0.224779282,0.044208974,4730.813738,2150.141505,6766.646909,0.342872769,-407.4757906,-1.137586078,-18.48619084,4.811315592,-20.20568243,-14.18691596,9.07238141,-25.60454196,-13.87297071,-9.812478015,-12.48393844,-8.480500772,-10.09760498,-5.719225127,6.487266554,3.044020102,-4.107050999,11.22157729,-4.492127944,-1.81305004,clarence
3.wav,0.227079639,0.04434792,1999.712111,1523.753017,3499.88941,0.122447554,-376.2504694,44.77801271,-29.12806999,31.63361815,-17.73579005,-3.614431821,-6.554096357,-19.2612173,-32.51702586,-13.1908877,-9.287129703,-10.35190137,-22.5574352,-9.507302804,-5.329904993,-18.57988107,-17.41920353,-1.307778939,-14.64823642,-12.4223706,clarence
4.wav,0.173036564,0.053695463,2272.712953,1614.33427,3674.483784,0.13666181,-408.7940327,24.3694882,-19.16800227,9.748350231,-12.28300536,-11.00381292,0.271942311,-14.69526309,-21.22742129,-9.130330052,-19.6636305,-9.673537518,-12.95050078,-6.170625222,6.965151091,-3.544555237,-6.363638026,6.607286594,-3.771795512,-0.72136881,clarence
5.wav,0.191287056,0.03568881,2388.665183,1504.180654,3803.83993,0.157056081,-452.5172851,21.36945331,-10.04778072,33.02693642,-6.276070179,-14.00136947,4.416952398,-12.30829116,-18.09896231,-5.391037819,-10.69157841,-8.04390857,-8.070566797,-6.293588367,-0.408194083,-2.983169042,-7.477927151,2.673807079,-3.713932958,-1.017148525,clarence
6.wav,0.23477072,0.046445966,3510.041523,1816.004809,5261.616599,0.24969018,-398.3707272,21.70188022,-12.40840834,39.31192739,-8.725274643,-13.23475933,-5.780311232,-3.423445396,-29.91239059,-9.320014593,-15.47771637,-6.65045142,-15.85865611,-12.68935651,-2.440694749,-11.32606324,-13.05347847,-2.150297038,-9.160298658,-6.818274592,clarence
7.wav,0.256839552,0.056423627,3091.991882,1724.38587,4805.793049,0.21038972,-352.7702192,35.47500737,-18.59867162,34.59422361,-23.90134871,-1.228213666,-4.568120892,-9.545847767,-23.00817157,-12.46652992,-9.351060505,-12.03947655,-21.74724063,-14.41046495,-4.223249452,-9.770310975,-17.73322288,-2.777513053,-11.93390057,-12.8081347,clarence
8.wav,0.218583725,0.058480158,2279.409748,1586.801086,3847.304578,0.138594255,-358.5530157,31.09383812,-34.26069562,29.62351908,-20.25316325,-10.30614445,-0.522844129,-12.16435001,-24.25532654,-6.641174771,-14.31851712,-11.44722227,-21.46217827,-10.01979785,-3.309153784,-12.52072812,-10.36901568,-6.027917933,-13.54580286,-7.682448658,clarence
9.wav,0.206953331,0.047933426,2203.782473,1491.868577,3588.133108,0.149883402,-395.1622349,45.72044868,-30.91913503,6.296964085,-21.40186161,-5.265697758,-2.332929304,-9.175984227,-23.67293185,-8.104510052,-1.736760742,-15.00605841,-14.90899793,-7.762013946,-5.451512923,-7.054711531,-13.69970791,-3.848719802,-13.20888537,-10.08432706,clarence
10.wav,0.225133174,0.046377249,2405.188955,1555.221877,3965.727874,0.162006798,-385.0064836,56.55537921,-16.79459075,10.63686784,-10.49879757,-4.181798461,-9.882270253,-15.71761725,-8.112303871,-8.931839104,-13.5702822,-5.314987393,-5.010295512,-12.45993795,-8.112812011,-3.47993207,-15.11071462,-3.944949779,-3.915352587,-13.04520989,dayan
11.wav,0.146396991,0.078284837,1919.694633,1720.861956,3592.255627,0.088231094,-379.7642667,14.50218165,-2.427063653,12.25451786,-5.508714624,-7.524318484,-6.828295135,-15.98971924,-9.660240427,-9.319933919,-12.42962739,-8.050697752,-9.228522312,-9.911810698,-4.48136297,-3.759494833,-7.223742058,0.235553914,-1.428405498,-2.153627262,dayan
12.wav,0.196565187,0.067894533,2065.477953,1747.471057,3756.953706,0.114760091,-365.1486015,36.05084445,-1.380874038,-0.851363636,-15.35670269,-1.374155196,-13.29558642,-11.90776725,-8.67771561,-10.69113945,-13.91445124,-2.652041124,-7.711203451,-5.628694109,-3.656031131,-3.362940411,-13.01122575,-2.01598665,-3.600627901,-9.120636439,dayan
13.wav,0.189737417,0.070227861,1925.709208,1798.635727,3622.210541,0.09515944,-342.198095,35.82057194,-0.039643094,7.28156711,-18.32349422,-13.25494756,-4.607690345,-8.485788805,-12.87992012,-9.847548618,-17.5551238,-7.237961487,-11.1604155,-10.04616824,-6.056409709,-1.522906026,-6.400560115,-0.284138919,-1.081107629,-5.292229206,dayan
14.wav,0.243690081,0.072178319,3763.349284,1781.054184,5267.998059,0.310101285,-365.6379307,68.38781141,-14.58131199,8.839200336,0.615933386,-2.572947946,-7.318403418,-6.295900836,-7.267806196,-3.204309485,-1.587653604,-7.389221776,-5.419673716,-6.701870263,-7.71716152,-3.590952032,-17.61163025,2.876986493,-5.344591731,-9.924850177,dayan
15.wav,0.222861913,0.074017741,4468.224191,2289.932788,6835.503717,0.310426289,-360.1997731,22.19288149,8.302973773,13.15041607,7.636482589,-2.738393055,-14.74454523,-9.611900106,-6.264687626,-9.917512015,-12.90536631,-5.382464132,-9.332135195,-9.340722304,-5.706037309,-1.974228025,-13.3405954,-1.452503197,-4.61554489,-4.76132731,dayan
16.wav,0.194213758,0.074421443,1865.785751,1713.307188,3585.087135,0.095026966,-354.2708269,50.35476772,-14.202248,-0.784024915,-12.19904189,3.455239443,-16.41049882,-9.929166969,-15.14584324,-4.530287966,-14.74865841,-6.792771824,-9.936358115,-10.68628925,-5.739639334,0.097405039,-20.54396057,-4.775156869,-4.743339245,-15.1123029,dayan
17.wav,0.205665298,0.071961932,2068.74489,1654.738136,3458.788219,0.128571625,-346.4019335,48.57170009,-19.82602919,-11.9386978,-15.46487874,-6.912304075,-2.48737997,-16.06944284,-16.86013397,-7.631383729,-16.27949269,-8.782471728,-7.207500562,0.077608902,-3.794596052,-0.250451899,-7.446644894,-3.82506498,0.96107856,2.27379356,dayan
8.wav,0.226560388,0.090691745,3495.803496,2119.643855,5509.531199,0.245319548,-313.4603603,35.9594015,-23.82553687,1.564614972,-8.144131396,-9.880279563,-21.9249453,-20.14171217,-4.589607288,-9.274487686,-15.69293768,-0.599183449,-12.38470939,-6.285478203,-14.09382044,-0.875458571,-18.67060446,-2.614063879,-6.602912264,-14.80936274,dayan
9.wav,0.157449297,0.098506436,1480.823218,1539.247039,2832.932173,0.062215154,-338.6499519,38.05989733,-13.39675207,-0.83934752,-14.74558372,-15.43932301,-10.1303597,-15.6365449,-6.956127832,-9.564736501,-14.24692014,0.341691119,-4.291057277,-1.374297534,-5.594574824,-4.147254148,-11.19052243,-0.587604263,-3.12359472,-3.653572756,dayan
1.wav,0.193401605,0.060922362,2565.774566,2032.113055,4701.955934,0.143625891,-378.0787269,21.74471884,1.91357815,13.45992279,-11.11971021,-4.710481139,-7.754820972,-9.235750629,-9.163236886,-9.017016916,-13.448841,-8.164128739,-13.78677216,-4.020913225,-6.69619634,-3.945221551,-6.07537386,-0.650767159,2.987953441,-5.874730189,deepika
10.wav,0.178993168,0.041152086,2070.669911,1474.340895,3523.685382,0.120019796,-420.1857471,23.02768561,-30.56322701,30.81565176,-28.61928029,-27.64306259,-12.47518338,-21.45160586,-15.13162517,-10.29400817,-16.26555241,-10.00760148,-17.61457255,-8.748218775,-4.582106385,-6.421456902,-0.708902948,2.139135141,5.51232753,6.464233549,deepika
2.wav,0.191294346,0.051716343,2547.833461,1871.107279,4327.340767,0.138495295,-393.2551692,-1.481206668,-19.42843918,22.61170134,-21.6846069,-21.12212141,-7.163465205,-20.40713277,-16.67890678,-8.590703914,-23.61721252,-9.784650854,-14.71376265,-1.379079807,-5.860055063,-6.125939254,0.068785659,2.585436901,1.471711312,2.590416817,deepika
3.wav,0.190001781,0.066830583,1813.099425,1530.769267,3230.708732,0.097475362,-358.0902845,41.96367281,-29.21442669,4.7487667,-21.28430969,-15.62819442,-7.35802222,-21.90570166,-13.72216089,-8.656160718,-20.15921646,-11.28041202,-10.30086221,-6.414197308,-5.684261822,-3.839623205,-2.015903078,0.231882964,3.191135864,2.100452226,deepika
4.wav,0.19852688,0.060585659,2607.905618,2132.995384,4492.350797,0.128432347,-356.7755632,9.818273953,-22.47854843,6.883850495,-21.08320205,-22.82986079,3.530020935,-11.32801913,-15.38588487,-12.44262964,-25.65793502,-14.45116441,-12.72848104,-0.103231288,-2.90645082,-0.876563606,-0.43985049,9.014953041,11.5677713,8.025195433,deepika
5.wav,0.192371901,0.059594546,3321.070541,2310.770468,5639.958281,0.201784638,-369.448253,9.047502407,-10.76901811,6.384348051,-24.2016116,-17.31769094,-10.33100778,-24.54345384,-10.9650389,-6.403891337,-23.48534076,-10.31783304,-12.79568346,-3.19104574,-3.126286158,4.866777444,-0.768187028,2.926548226,1.742517814,3.732417534,deepika
6.wav,0.209785938,0.057516463,3325.813707,2109.997433,5360.19839,0.226472892,-368.5855045,26.35700317,-13.02548106,1.894335273,-19.6580504,-21.06718766,-5.879400646,-15.58170119,-4.400051894,-7.011449842,-19.42250162,-12.55946148,-10.56556994,-1.566328013,-8.201340796,-2.721236827,-3.534074171,5.576593271,2.806935331,1.056766849,deepika
7.wav,0.228562057,0.037197806,3853.850491,2082.156307,5976.576617,0.25503182,-423.5659024,-7.963678434,-3.339842474,20.3672358,-31.54412485,-3.147094422,-14.11675975,-23.35611682,-13.04766978,-7.612070173,-22.18682728,-9.175950289,-16.58731086,-6.517664223,-7.341259378,-7.17954885,-7.986406452,3.423101579,3.223822748,1.198263761,deepika
8.wav,0.17160961,0.048497032,2200.312328,1759.180145,3946.094495,0.109970704,-384.1005327,10.84222429,-16.74770055,7.135936732,-20.48164562,-16.22981157,-1.86224228,-20.59626428,-19.03297563,-7.738992179,-16.13518024,-5.022745957,-11.39857883,-0.498392074,-3.8936079,-1.437033288,-3.104153573,4.708412597,3.412226773,-2.156780647,deepika
9.wav,0.175949298,0.034134433,2363.677802,1711.644739,4013.621338,0.143282583,-418.2204202,9.976047205,-17.28252791,3.451380315,-19.41302726,-17.19884257,2.194137078,-9.637657501,-12.39556549,-4.981271209,-18.07709679,-10.60266349,-11.42211555,-3.280683214,-2.656959214,-3.492145591,-0.10844264,4.574758652,4.956443859,-0.604160484,deepika
1.wav,0.240818952,0.011297332,3729.523109,2155.072273,6130.643543,0.251310072,-482.8956517,14.64415773,-2.968620146,8.536681411,-15.34453441,4.410680753,-9.412535,-11.30646219,-8.27182514,-5.93122551,-6.913638415,-4.069332742,-10.21343362,-3.835780249,-7.113652268,-1.366634495,-7.37677714,-6.04327164,1.190140574,-11.48778051,diwulgane
2.wav,0.219780394,0.011408579,3011.318976,2180.674399,5518.833817,0.16745463,-477.4598809,27.91283446,4.463369605,5.687576795,-7.385625108,5.675572415,-16.21998361,-7.609849839,-11.73133432,-8.361216524,-9.719122723,-7.414731731,-12.09732773,-3.604002506,-6.821750664,-1.314525578,-10.62522455,-7.583558404,-0.094232546,-13.33985452,diwulgane
3.wav,0.323548815,0.018194513,5741.335787,2282.810384,8133.89707,0.448352559,-467.2911398,-66.33202025,23.76086761,14.87530644,-3.356295386,15.53280656,-27.36646998,-1.74656531,-16.9363993,-10.98768376,-14.3182152,1.556013735,-12.2271416,0.314054773,-6.603390862,-3.153128412,-10.58066423,-4.757136841,-5.017255065,-8.121442517,diwulgane
4.wav,0.20128166,0.009730676,2133.044024,1779.07159,4037.14315,0.117602309,-505.5851811,35.03434385,-2.503533336,7.127680742,-12.30779321,-8.861117509,-21.90553097,-10.31242997,-13.49205067,-13.42424044,-8.244003246,-3.578159834,-10.16430976,-3.387833705,-7.871695906,-0.328928688,-8.247085564,-5.582575323,-0.474394245,-13.30470733,diwulgane
5.wav,0.247816431,0.006622619,4241.554063,2259.376493,6757.02094,0.297309645,-550.5272237,11.02640903,0.918407884,5.550641893,-2.799521743,1.516900841,-12.44124064,-10.54181307,-11.62854564,-2.187707204,-8.558001867,-4.021048718,-12.19220214,-3.433045458,-5.187960665,-0.656000343,-7.317634279,-5.469386442,2.48836067,-11.70487403,diwulgane
6.wav,0.227059197,0.006395395,3783.116178,2397.824578,6579.546745,0.243652906,-575.7036182,3.026345566,-2.066086427,5.518539138,-9.092176568,-7.507529859,-7.066677216,-11.16430469,-11.84754549,-9.593918079,-12.12474083,-5.097606799,-9.349587449,-2.463568838,-5.898961766,-1.47848097,-4.236463912,-0.119642195,2.841789325,-4.77754218,diwulgane
7.wav,0.247331723,0.009863677,3672.104718,2245.281426,6140.245173,0.261265157,-505.9216895,30.19642808,-3.101641214,4.902551912,-7.644335772,3.814976148,-7.491748,-8.21393867,-7.983188695,-4.112251156,-6.317652472,-2.554414362,-9.650275738,-4.436481294,-6.45413313,0.521364378,-8.740598931,-6.414554936,3.199825666,-10.75939871,diwulgane
8.wav,0.215617395,0.055762328,2108.188058,1730.34905,3525.531899,0.129961489,-388.7892415,61.64255301,-1.850581459,5.511814399,-6.460096324,-3.865884173,-17.75915892,-12.97807558,-13.85527255,-16.28076532,-6.103208566,-9.263368792,-16.27743551,-5.858279679,-4.67933224,-5.696574389,-7.986326991,-4.984094426,-4.090190657,-11.4751025,diwulgane
9.wav,0.254191149,0.068662457,2222.803473,1605.463669,3582.02518,0.144704107,-353.6591318,77.84609604,-14.332251,13.57218873,-9.037968079,-1.069063292,-21.12302321,-17.28240302,-14.10582841,-15.03754023,-6.59210834,-7.651548999,-12.7005245,-4.454754227,-8.135109433,-2.430314237,-11.64137057,-4.427686776,-3.031845635,-9.979817489,diwulgane
1.wav,0.236410027,0.056371283,1074.129741,653.3918624,1698.359105,0.08380314,-407.4419558,113.4465337,13.5326825,-43.23704019,-37.00528269,-14.21480919,-10.30641561,-18.48168679,-19.36772509,-10.98317548,-4.775658737,-5.290555952,-6.671178336,-5.78297813,-5.009847835,-4.685218874,-4.269573117,-5.470752949,-7.193398362,-5.845518003,greshan
2.wav,0.205400909,0.093345247,833.0342597,677.4336482,1312.225104,0.06467566,-362.9020874,114.0473564,15.84080018,-27.92475706,-18.50295773,-7.176466812,-9.125720032,-13.88223917,-15.55163535,-12.69014048,-9.49060379,-10.40003227,-10.12773776,-5.670839745,-3.725092525,-5.447832202,-5.649344127,-5.429409123,-7.010795216,-7.310762083,greshan
3.wav,0.157404013,0.022421293,558.7535808,496.8708673,876.2475363,0.045350287,-533.4435579,60.58296993,31.26221776,3.457303002,-11.68978566,-15.76884183,-15.80945196,-15.69247064,-15.1152461,-13.22195692,-10.46546496,-7.715380783,-5.403611291,-3.759519704,-3.027421537,-3.166402777,-3.675576919,-3.899817289,-3.456641739,-2.410433914,greshan
4.wav,0.211409057,0.063385613,1081.737687,689.483494,1713.510334,0.081483495,-396.6033589,97.6100697,4.783935617,-29.06400973,-19.62705209,-17.32234933,-21.6502038,-20.53904294,-17.65211875,-13.3239909,-8.907365819,-7.82538697,-4.797461761,0.093531793,-1.207646843,-4.417407301,-2.511699992,-1.623309843,-3.781268794,-2.851223198,greshan
5.wav,0.241802039,0.098539442,753.4222208,506.2787555,1180.842303,0.05808119,-353.027186,154.9451301,26.37719601,-41.91722976,-33.00052982,-10.58857261,-11.36563023,-22.17756787,-25.04021442,-19.66660766,-14.18684586,-12.80035669,-12.86084843,-11.3215629,-9.053975167,-7.213239974,-5.712185379,-5.216728254,-5.700306869,-5.959831583,greshan
HimaReanu.wav,0.225684721,0.030402213,726.0731437,570.3479925,1051.417766,0.054660828,-460.7423842,89.23520877,21.91318623,-23.15920586,-28.13244457,-15.90324352,-10.14614308,-14.11186207,-19.07995658,-17.8530539,-10.45004282,-2.648282243,-0.077542059,-2.870859698,-6.151539528,-5.920814801,-3.480321331,-2.6054994,-3.758303255,-4.467593134,greshan
Manaliyak.wav,0.226910659,0.042378161,1479.673,1260.378753,2715.42185,0.105564081,-420.6216612,80.2629493,2.218066008,15.0609319,-29.86051808,-5.796637466,-0.340982914,-33.07432703,-5.179335771,-17.75802513,-22.68477389,-0.867228115,-16.03862022,-6.141324835,-4.941210884,-13.1868784,0.565184857,-9.953364653,-8.066076871,-2.23536615,greshan
MeeBinduGala.wav,0.223815256,0.012039663,802.8476628,929.9412771,1339.233941,0.060269045,-528.7419888,45.48849363,26.40997654,9.873303421,0.809868349,-3.199606155,-5.024094046,-5.970360023,-6.289826143,-5.578559941,-4.503428108,-5.003917214,-7.520821134,-10.19407218,-11.4211346,-11.2276512,-10.24374502,-8.862549813,-7.208256516,-5.381602415,greshan
PaaweePaawee.wav,0.219918955,0.036289189,699.041201,611.4280414,1034.613978,0.056522116,-429.5990424,75.5686669,24.57850263,-8.071512381,-12.97882401,-7.593664043,-6.400726455,-12.12038606,-18.63317501,-18.0962152,-11.22273233,-5.528837162,-4.402785672,-5.661260743,-6.569748389,-5.600433974,-4.033839668,-4.902002181,-7.158601002,-6.610929405,greshan
1.wav,0.246032619,0.053957023,4058.355258,1902.143183,5989.911762,0.299068252,-372.0808423,5.253996456,-22.38117477,6.178268588,-30.51240873,-15.18616928,-17.44507406,-17.45116932,-11.60982519,-13.86588055,-21.76986717,-12.16797787,-16.22303637,2.620596368,-9.247879049,7.990908555,7.352432121,6.665481992,5.54921392,3.309243615,indrani
2.wav,0.213226651,0.053805921,3421.169624,1953.572535,5212.537316,0.254092598,-379.2384251,50.58273772,-33.05115073,10.40255462,-17.33582373,-21.25420937,-4.462246595,-24.5108366,-9.208374915,-10.9873934,-18.17809275,-11.48430902,-12.98964151,-5.475707484,-16.15808644,-12.88080744,-0.26882519,-5.270624677,-0.28613375,7.830656421,indrani
3.wav,0.220966003,0.061896801,3463.156123,2039.061716,5472.887626,0.238017736,-363.5874552,20.69228109,-31.17779135,2.361147792,-25.80775896,-16.51389208,-2.145959235,-26.12801423,-6.646730039,-16.96884011,-21.98276844,-12.96109009,-18.60270489,0.943305144,-18.69488271,-6.033436358,-3.03441698,-0.146911548,3.72670411,9.93438774,indrani
4.wav,0.202739362,0.057057764,3351.890877,1896.480827,5082.660274,0.242708655,-394.9534856,16.36038148,-30.26384419,-0.290437599,-18.72534068,-18.75870102,-1.045090385,-17.22442953,-11.83537734,-9.512416838,-16.60663424,-8.525750326,-9.600153694,5.636629517,-2.355033915,6.376922859,12.0125735,8.456847627,6.38563582,3.281571752,indrani
5.wav,0.249705079,0.064635828,3945.448868,2029.683686,5971.947172,0.284096132,-333.4262434,19.28582648,-35.81134331,-6.501106485,-32.48722458,-20.25357728,-8.071522845,-30.51177844,-7.897402552,-11.06284631,-20.5685432,-10.44201723,-17.80845744,3.481638742,-12.75097086,-2.569988005,0.362368268,0.091310423,2.617698624,6.446329526,indrani
6.wav,0.208550947,0.061146449,3482.507743,1886.966977,5179.385828,0.25936122,-384.8458518,39.98777548,-30.01607689,0.07230994,-21.50547304,-22.03414816,-7.774797251,-22.98218899,-14.70472181,-15.18832483,-17.47932215,-17.22213888,-12.07942944,-4.156681089,-9.468057248,-3.764176319,-0.438815631,1.350336018,1.744034009,7.564931919,indrani
7.wav,0.205913652,0.060670026,3332.878463,1781.805923,5046.089008,0.233752852,-390.8734617,23.20158271,-27.90278023,12.59142145,-20.0112781,-22.78373005,-14.00607987,-18.23909871,-11.909202,-17.75487525,-13.2388217,-16.8028294,-10.90996823,-4.612078666,-10.93375187,-4.819919531,1.634750043,3.924263918,6.124139273,11.44598865,indrani
8.wav,0.220588214,0.03775236,4133.232731,1905.306249,5957.635122,0.317482767,-435.4315069,17.72533624,-27.48938314,5.835053402,-19.88568301,-18.62230605,-10.389408,-18.58867185,-7.550042712,-16.29744442,-15.95781971,-13.58852465,-13.05565161,1.630888162,-11.92140725,1.801572266,6.730997128,2.934684286,4.283762367,5.931934374,indrani
1.wav,0.236703322,0.124403067,2514.54631,2048.057589,4348.827754,0.137606484,-285.3835115,56.84971886,-10.21089736,2.527672874,-0.625601461,-2.776345704,-6.553207149,-0.108797719,-27.82383525,-5.277783827,-7.7982454,-27.17049809,-8.920919817,-4.66684736,-14.25303748,-7.108176615,-19.34415374,-2.711663583,-6.565749282,-18.83975744,jagath
10.wav,0.222862717,0.085445158,3944.528104,2176.379988,6456.867719,0.253648274,-313.9863947,14.88915683,-3.590072885,13.43348147,-7.012923938,-4.930341552,-35.60011217,12.39514276,-32.7520311,-13.44033404,-11.03021218,-19.54146046,-3.794284091,-10.59750417,-13.52424055,-2.22453173,-11.22155512,-11.88752809,-1.065940166,-13.1260229,jagath
2.wav,0.2292549,0.103255093,1630.046608,1737.515664,3151.111156,0.076911063,-305.1363215,80.9484738,4.209549151,-9.962161386,-20.44297088,7.069516819,-10.60836375,3.969649912,-35.16604866,-0.557910122,1.399546466,-20.00880734,-3.291462774,-9.924330416,-8.626016544,-6.614735672,-5.037997694,-7.419723253,-3.948611964,-9.697556529,jagath
3.wav,0.26300121,0.103481986,2335.44585,2022.661297,4445.853582,0.122711438,-248.1896384,59.82940634,-33.99042711,-21.30100103,-8.845415864,-8.810186099,-21.80697224,2.848287351,-32.78411477,-6.249545137,-12.92903821,-16.04205243,-8.766109949,-3.588217561,-15.71402521,-6.31423881,-19.03391945,-0.991221742,-4.352047962,-16.72926828,jagath
4.wav,0.238149368,0.085597232,3478.286259,2456.477984,6446.604545,0.186291911,-289.7741923,24.34962249,1.389260727,0.814939631,-4.30613561,-6.556729078,-25.15421547,7.307606898,-37.90939031,5.322289394,-6.444349729,-27.817853,-7.326161502,-7.510909463,-13.00259971,-5.255579283,-7.344757692,-10.62766816,-5.200791634,-10.48275785,jagath
5.wav,0.186093584,0.077642754,1727.582037,1463.013471,3014.126482,0.099506326,-365.4732651,61.98487855,-1.97627074,-3.680537896,-6.443823318,-15.71733904,-10.64816403,-8.065839059,-33.02667371,-7.199242775,-9.150299542,-11.97938841,-10.83975889,-10.98639975,-7.492504669,-9.473968795,-11.22531476,-1.115261387,-7.450231914,-11.36839363,jagath
6.wav,0.190879786,0.060301453,2623.491317,1771.318999,4329.95807,0.170031763,-399.3996224,24.33277018,-2.490224762,3.921881285,-0.6517631,-1.888529464,-3.008154474,0.399775194,-17.06883886,-5.58745476,-6.46032661,-14.08644026,-9.699281012,-1.597136053,-7.630664104,-8.375230608,-10.53638732,-2.511644736,-3.739152309,-12.23308752,jagath
7.wav,0.268980539,0.088849418,2004.503289,1819.464886,3714.552558,0.110732611,-292.8981144,72.22373668,-32.93601913,0.603012037,0.56436155,-18.24652057,-13.41498336,-2.283510244,-36.33726685,0.515469203,-16.97665161,-18.48646044,-6.800991728,-16.71033152,-9.848451209,-5.726622916,-18.72030903,-5.284664695,-5.417511446,-15.57456282,jagath
8.wav,0.258128295,0.088424772,2682.734153,1798.645269,4356.481451,0.186989424,-299.9140952,57.25635485,-28.49480083,-18.03717815,-21.68054591,-10.17784912,-8.929042798,-8.683731658,-34.46171011,-3.458003658,-1.66390636,-16.17074885,-12.97398053,-3.88383704,-12.33514552,-6.468808317,-14.67326536,-0.905557302,-4.809627695,-12.79895818,jagath
9.wav,0.257315045,0.106166817,2741.56471,1878.473841,4470.559181,0.173797629,-275.6773813,55.90531279,-34.42898172,8.994110825,2.96940228,-6.689703301,-6.431108935,3.668423319,-33.20888313,-4.73115272,-8.842530069,-19.95886827,-0.156216902,-9.778015082,-7.754558599,-0.930020979,-13.80439875,-2.157864339,-2.941752169,-13.95274678,jagath
1.wav,0.22645865,0.0413053,1456.526117,1221.825925,2567.593244,0.089950257,-418.1083095,78.26297095,-29.32248383,-1.111971224,-18.39421865,-8.893631874,-15.50123081,-19.80555474,-24.0849961,-14.41936083,-1.897229432,-9.96115546,-12.14954152,-8.603697807,-15.31436341,-6.015515057,-2.020128046,-13.23833963,-6.127766331,-1.860688913,jothipala
10.wav,0.239022842,0.040816795,2887.566642,1622.259845,4462.194152,0.218035989,-420.4139988,40.36539202,-45.08963047,16.45431687,-21.85148054,-8.483145509,-21.07421325,-13.97881502,-17.93998919,-10.94633434,-11.02889571,-10.79235416,-8.473575286,2.853696617,-7.748293172,-6.95295539,4.27899388,-8.755574178,-3.055834893,-0.935692159,jothipala
2.wav,0.239365116,0.034987826,2690.497862,1597.156804,4314.275473,0.197394297,-415.9777905,41.49663453,-45.22731937,23.97495687,-10.0338743,-12.7693868,-19.65837846,-13.453999,-11.81752504,-15.58952921,-10.57615055,-11.60806975,-11.74376863,0.723241856,-6.80254541,-3.814724185,9.443991811,-2.000773351,0.877154177,-2.156425609,jothipala
3.wav,0.222333646,0.066498555,1975.37937,1384.173026,3348.289605,0.127389857,-350.9078044,80.26845285,-41.76009111,22.13707668,-7.764366946,-15.0620526,-25.8187991,-20.85454496,-23.27258941,-18.36246497,-9.5918149,-17.09409024,-5.78325905,-0.717257235,-17.07135403,-3.106352786,-5.112062063,-17.07188081,-2.727671472,-3.859610925,jothipala
4.wav,0.223979582,0.037208639,2177.752712,1883.871327,3835.789108,0.134165535,-422.8543521,63.72292999,-12.44312469,-18.10548991,-21.21200188,-11.85542754,-22.65122112,-14.28589522,-22.18640301,-10.14597667,-2.517859074,-4.218365935,-4.998360188,0.886693722,-17.40987127,-2.823041597,-8.13738786,-4.676979865,2.987658754,2.769192789,jothipala
5.wav,0.232283196,0.028166715,3227.469706,1649.201427,4777.800779,0.258963283,-447.5666915,26.51896188,-40.59277733,5.197905355,-9.077180161,-15.29236687,-12.90802345,-4.735698151,-12.48573524,-4.713057381,-7.865507819,-4.012496118,-6.836642777,2.823590276,-3.973615454,-5.648541319,5.023999694,-3.49007641,-3.773015844,-2.271758953,jothipala
6.wav,0.242743938,0.045996938,1872.668993,1360.312669,3247.962776,0.153059345,-416.5106196,87.86690083,-22.66108404,8.720558553,-2.873270682,-13.64517404,-16.7733346,-23.31016078,-14.57960108,-8.469980469,-8.802642418,-8.617500533,-9.093268461,-11.87149207,-8.597644809,-7.270809956,-10.25960947,-9.283398043,-5.121828934,-4.982112868,jothipala
7.wav,0.24137016,0.064559974,2316.309538,1642.310417,3779.144081,0.159199722,-353.056858,59.76689833,-28.0358304,5.762150253,-12.97360061,-13.68833415,-19.06214831,-12.72080168,-26.57342093,-13.07463663,-6.185110495,-11.33557452,-7.493873389,-2.777698789,-14.34709536,0.755213978,-7.700548283,-11.22846089,-0.230754155,-1.667202704,jothipala
8.wav,0.226527195,0.042093731,2059.464413,1479.270707,3388.277653,0.141628061,-421.7918663,66.0075847,-45.11522926,-1.060881395,-22.01905788,-11.38361882,-15.25212952,-23.00832488,-21.7355301,-11.58282508,-11.49027337,-8.359692707,-4.017374023,-2.958010168,-5.837859893,-2.715313601,-1.661876329,-2.904243751,-6.075775367,-5.782910921,jothipala
9.wav,0.274682709,0.036893528,3102.844302,1844.961094,4982.352718,0.256914192,-413.9896245,35.70685681,-31.09789126,13.39402207,-13.53338662,-10.5679688,-20.8829417,-5.399105037,-23.23080565,-5.852284439,-4.562722137,-10.28210767,-3.066694357,-4.185495271,-9.756906173,-1.761036188,-7.304341601,-6.358476949,-3.831901522,-4.581895145,jothipala
1.wav,0.231251482,0.054394208,1936.560023,1574.7852,3301.123768,0.113184996,-356.4129438,69.61738496,-33.96514184,-2.797034145,-22.29150782,-19.32607045,-9.792422268,-20.442978,-22.80489398,-10.81531567,-14.56043477,-13.56985054,-10.830184,-10.12442564,-3.927816993,0.385094103,2.378047465,5.504890017,-2.139959997,-0.21672251,kapuge
2.wav,0.177666321,0.05328346,1991.488815,1590.486187,3625.205651,0.110926753,-381.1041227,37.01318849,-6.792371391,8.113808553,-8.144342307,-11.95735738,-11.22067584,-5.934236057,-24.26474793,-1.87821182,-13.88029185,-6.392552046,-3.36289071,-4.658212507,-6.175153825,-6.031412569,-8.430600626,3.203087912,-10.46531359,-5.175928475,kapuge
3.wav,0.239911594,0.089443132,2656.839665,1786.985076,4296.560195,0.178372345,-342.3455465,64.03400929,18.04031502,3.085322311,-11.79124685,-4.621399753,-21.76855423,-6.663386936,-21.04174482,-11.54718068,-9.47226996,-10.0127749,-11.52526576,-5.83675697,-6.678891199,-5.759205647,-5.400885539,-3.237987364,-7.977064551,-5.048713611,kapuge
4.wav,0.260298884,0.031216409,3030.271509,2200.822509,5283.040021,0.177590714,-416.3547141,43.36417265,-7.365075433,0.210998113,3.256790954,-20.02549545,-15.86280741,-8.189917134,-21.73418172,4.673207245,-15.50360355,-3.720573044,-6.965932909,-7.244368155,0.757522911,-10.7418238,-7.115010659,-0.278627127,-11.01617566,-2.483113285,kapuge
5.wav,0.223913963,0.031944823,4111.212872,1891.272914,5925.913822,0.310268677,-417.6270056,37.81002348,-11.04077081,10.62866795,-15.11089222,-12.13770329,-2.434457801,-13.68823331,-23.58528547,-0.837967049,-14.6292263,-2.662637697,-10.11759073,-6.274118433,-4.293082344,-7.328927769,-7.481579795,-0.510184613,-9.916370805,-4.294897069,kapuge
6.wav,0.234030775,0.117830694,1349.678227,1604.272761,2273.759747,0.068160051,-302.3959754,93.88856651,3.891823033,-2.031949495,-10.8419446,-10.3377668,0.621694631,-11.86563848,-22.01617242,-12.40759443,-12.44707602,4.564575791,-5.078824034,-3.373373188,-1.592201269,-12.22154491,-5.835761407,2.553187079,-10.06054321,-5.938462814,kapuge
7.wav,0.226317409,0.046377108,3638.053835,2113.39819,5865.927439,0.239429957,-388.3771585,11.01935019,8.59001898,6.944018654,-28.98675208,-10.47689982,-18.01222749,-12.0345815,-14.25786988,-7.113786938,-16.79743989,-5.198446904,-15.02759535,-6.848022333,-6.69763568,-13.13318182,0.653636973,-0.654280043,-1.68433873,4.73632507,kapuge
8.wav,0.198034152,0.037393812,3579.189744,1928.559896,5454.80425,0.269700036,-439.1590851,28.97339814,-8.991795458,7.579534244,2.018525436,-5.475334853,-6.695194652,-9.007034612,-12.55238664,-6.396634322,-11.02556686,-3.709238234,-8.668534598,-7.536485153,-5.492348952,-2.954625575,-11.31607956,0.104306434,-8.987617326,-4.434521258,kapuge
9.wav,0.19893595,0.036716182,1945.398061,1762.940207,3665.762234,0.102771919,-400.5189403,39.66043871,-6.477442606,8.498357019,-5.049348213,-23.26411673,-12.52084251,-11.76814369,-18.00286584,-6.155539021,-11.32072271,-2.314890378,-4.316208552,-7.548306925,-2.913273138,-6.601053428,-6.418517363,2.287546372,-10.41652687,0.111713778,kapuge
1.wav,0.229831391,0.08092647,2290.783679,1680.77969,3827.294533,0.14669602,-316.7694725,44.18788252,-50.62532833,9.736149085,-11.83111142,-27.96275343,-24.7139159,-10.08075382,-35.10284354,-2.922676594,-16.92932739,-6.471440022,-7.490364328,-2.078270205,-7.841645568,-4.776537416,-8.226233893,-0.99431886,-8.729115883,-3.727798661,kasun
10.wav,0.189245856,0.04665425,2958.099655,2263.097062,5258.245901,0.186577526,-416.4798322,40.86399447,14.77765301,8.546696626,9.812448821,-6.364483025,-5.448951372,-12.08716705,-26.81814627,-2.830789737,-20.33452755,0.343619249,-14.17305592,-2.268457464,-12.80438239,0.440686076,-13.68712287,-1.885571619,-13.30467934,-8.927805748,kasun
2.wav,0.208590731,0.093180038,2393.945625,2158.017107,4767.326092,0.126228242,-312.0739076,37.52716531,-21.24640822,-4.986542047,-4.991283886,-18.73928966,-20.77831413,-8.472028961,-31.88086965,0.555497845,-22.67490115,-1.731214362,-14.79737455,-1.396795898,-16.94168259,-4.525953407,-15.26248686,0.09361782,-14.61766743,-2.939300993,kasun
3.wav,0.210778358,0.032066137,2849.504716,2122.560576,5003.91067,0.172169467,-419.910437,38.57862608,-16.71212399,-7.523086342,-6.941670623,-16.90858918,-11.48798617,-13.93114688,-29.44980442,7.4266827,-10.96291378,-7.055204909,-12.09100023,-2.393143735,-15.21576662,-1.715206022,-17.42346031,-1.991254748,-12.49788379,-4.039318574,kasun
4.wav,0.156509186,0.072629936,1575.621823,1256.355061,2558.954242,0.10231442,-399.8720402,44.8430838,-11.48665381,-10.25741662,-6.523896502,-7.890796706,-2.267618421,-14.60777453,-25.85349459,-1.425902899,-12.19212082,-5.562300257,-9.948972591,-3.821926011,-2.540467236,-0.90054412,-5.479423191,3.332232143,-2.115197528,-4.347656374,kasun
5.wav,0.199719271,0.073511951,3352.786184,2088.068716,4991.869522,0.234438332,-392.2897922,43.52231237,12.0540516,-3.395314259,-0.37954418,-7.965094303,-13.60382291,-12.91733278,-24.19276309,-6.555854538,-11.63966933,-0.886699407,-10.5750692,-2.665807412,-7.786811692,4.528887598,-4.524919818,5.119620369,-3.747441338,1.808953223,kasun
6.wav,0.188467895,0.084160678,2358.533954,2041.70595,4564.953231,0.128538266,-346.5938045,38.68572631,9.993020449,4.121283837,-0.691784243,-2.220747307,-9.305162183,-9.600737644,-18.41088841,2.658506788,-13.88388256,-2.210166675,-14.22330765,-0.541265723,-10.64448218,-1.216310968,-11.54681255,-0.821794102,-15.37801485,-5.849822303,kasun
7.wav,0.237769833,0.035198428,3188.410908,2186.656454,5468.465176,0.215205505,-391.7548458,37.69583867,-20.4614226,-6.925283682,-12.0877941,-20.6238389,-9.664462893,-11.98655766,-26.33275285,2.216104008,-15.04474981,-3.849428335,-9.839050963,-3.80243256,-10.42348433,-2.545737584,-10.58789634,3.083052772,-9.849923463,0.510239729,kasun
8.wav,0.202033274,0.052294768,3259.681556,2249.828814,5721.966618,0.214205348,-395.2034824,29.86422573,-14.20568684,-0.373342105,1.013966626,-24.07724492,-18.63922187,-5.648366754,-27.32911438,2.010414387,-22.39420291,-5.977064454,-11.77727891,-3.89854941,-15.4838763,-0.807959491,-18.28167114,0.551818593,-14.37246239,0.109005285,kasun
9.wav,0.200301953,0.04820314,3055.528214,1680.338946,4619.674067,0.240216575,-421.3521583,26.36829137,-29.35881183,17.80409936,0.229801593,-20.63810443,-25.1809242,-3.609484999,-24.49452487,-6.945075411,-11.77192504,-8.484548535,-2.68850373,-4.596362383,-4.635727301,-2.556384523,-4.902714118,-3.758610726,-5.535535308,-3.473735438,kasun
1.wav,0.229656577,0.081747234,2953.714852,1508.39659,4458.593675,0.207976753,-353.1243326,18.81515242,-42.13381735,16.81189006,-28.79783416,16.25737633,-28.02365947,-8.599463643,-3.018356933,-1.02492444,-8.592163563,-16.91356834,9.953370632,2.571054002,13.49003075,8.538217249,20.59264747,16.24435845,9.361887498,9.780064483,latha
10.wav,0.276814064,0.021791305,3937.597955,1225.514395,5177.604262,0.335938143,-449.1227286,-13.00282049,-69.06839646,18.29010202,-11.44480782,13.31245737,-31.62315327,3.947506639,-6.370871117,-9.796440183,10.780336,-13.60191346,1.588699354,-0.905156987,1.239995855,-0.191079496,6.602044456,-0.22320989,-1.692661573,5.074376062,latha
2.wav,0.218886531,0.154032543,1083.805674,835.6759893,1909.326793,0.066688916,-272.8846263,127.7199741,-62.58174729,-14.66567126,-3.750827514,-31.97659444,-17.17274764,-19.14308073,-25.29549002,-27.2217856,-21.5963349,-12.83843298,-16.82201695,-5.567179822,0.700714653,-6.988025393,3.247604896,5.871341016,0.640170351,3.868665889,latha
3.wav,0.309168336,0.083191849,3114.462765,1404.554803,4664.704802,0.239294581,-291.763316,-4.578424535,-94.56701803,68.49080872,-36.34056063,15.26114417,-30.67582116,-8.893047626,-7.280069446,-7.443132505,-2.269777594,-20.25550399,5.677927122,-10.7557185,10.06018354,-3.355717954,5.446765167,5.326549149,-2.777370131,8.253301057,latha
4.wav,0.229860862,0.107808866,2633.310531,1628.722076,4298.42838,0.17040195,-291.3217318,44.09362867,-22.94615783,37.8997862,-47.65025282,4.432207014,-19.48376112,-11.91803957,-24.63516814,-4.923921943,-11.13159047,-24.13490137,-1.421377166,-12.08389683,-3.586345814,-7.07109073,10.39942619,-0.065602088,2.856774802,4.86323593,latha
5.wav,0.20394885,0.060449935,840.9406725,537.1091898,1310.660278,0.063791363,-394.8043111,118.8881268,5.840634597,-43.78551646,-30.88473057,-17.8988518,-20.52628019,-20.17258609,-15.14649516,-13.82922753,-14.88689043,-12.99770771,-8.313278942,-5.575313868,-6.050262194,-4.579479177,0.362897232,3.137176809,2.344940758,1.743665487,latha
6.wav,0.209193006,0.300274551,1898.150108,1498.01886,3633.404066,0.107770716,-141.5224234,85.43655751,-74.64432307,23.24963951,-67.98866662,-20.7221755,-10.9630213,-36.71742387,-20.56999928,-3.87638337,-23.88819788,-5.664117726,3.710202102,-0.252379706,17.61746148,2.331974797,12.99734591,-0.789110704,-4.59014788,-0.960287201,latha
7.wav,0.21639991,0.192258954,1504.546451,987.9648508,2514.191413,0.107512149,-266.3053221,96.95539302,-61.37246417,20.09654938,0.508464691,-28.13895748,-6.17107923,-24.52362046,-16.73607268,-20.60001193,-31.57628869,-8.017304336,-7.786875742,-6.645984857,7.216987316,6.646812129,4.241188527,-3.536230174,-3.25481248,-0.032031251,latha
8.wav,0.213510291,0.106016725,1940.81007,1334.9886,3121.488194,0.129015233,-302.6870968,67.66734769,-43.10870203,7.340211588,-23.04662203,-7.271830681,-19.6363066,-10.218156,-10.92925858,-13.7521424,-1.989787756,-8.581314822,2.227087594,7.560978068,7.972182445,3.236767683,6.833060682,7.445566697,6.649129085,7.510296294,latha
9.wav,0.209068066,0.127936184,690.0578507,512.9064888,1102.964594,0.050330245,-326.457556,154.726574,21.15253669,-16.25434012,-17.12490202,-31.04215588,-16.44837207,0.580872407,-21.61744624,-33.21325753,-12.41621877,-7.892151466,-17.79656643,-10.33327094,-4.315936812,-11.13622978,-9.466405825,-5.564178345,-11.89006626,-11.06562883,latha
1.wav,0.230317628,0.073693752,972.6297995,734.7297076,1628.12745,0.073548138,-410.1474852,113.037301,25.56734723,-1.227450924,-12.91440908,-34.25489272,-24.80255107,-5.563344705,-15.51823945,-23.32309947,-11.68870473,-10.59966863,-14.98658691,-5.842082781,-2.617113135,-9.450101842,-4.273207189,3.554735618,-2.023720224,-5.170800827,malani
10.wav,0.230174149,0.0917667,2405.368817,1427.052202,3856.717934,0.157299969,-316.25464,63.08753537,-32.9894831,30.67699171,-35.06887445,-11.48273566,-27.17280536,-19.15869097,-29.03087802,-13.83559626,-13.28676186,-17.45906301,-5.168576684,-10.32598134,-3.933721306,-11.57398631,2.891097404,-3.513286035,1.05843019,2.843040676,malani
2.wav,0.20005008,0.082410522,788.0967568,626.5366003,1311.068572,0.057382923,-385.438692,119.4850166,26.20964958,-9.084463164,-16.56548145,-27.28448209,-19.34709038,-7.605893834,-16.6828598,-20.65684035,-9.083709625,-7.889024595,-12.63763818,-6.787252902,-4.857424544,-10.6100506,-6.823776325,0.497215538,-1.128219347,-2.287148767,malani
3.wav,0.198111717,0.06445507,963.3392999,655.9377587,1463.106851,0.076751743,-421.2877942,89.02710272,11.86097631,-9.075147459,-12.69377569,-28.49804247,-23.69515657,-7.23208358,-11.55152327,-18.45942018,-11.92256521,-10.05438314,-11.15640484,-4.352416462,-3.772880855,-10.75553064,-7.368758553,0.799111345,1.234242437,2.809183131,malani
4.wav,0.270837934,0.095210925,2121.74226,1274.50409,3578.861439,0.154232092,-265.3654779,75.43136001,-90.51729057,20.86577847,-30.22342559,-20.74163,5.25169382,-28.14175241,0.146514574,-11.92688336,-21.03041647,-8.377675155,-15.89690052,-8.620238833,-11.26960325,-12.85123851,-4.477579672,-1.451705461,-1.912007537,0.297538947,malani
5.wav,0.213818536,0.048266254,1421.934331,731.489331,2111.026672,0.115489461,-442.0524724,73.07799221,-19.23348446,9.198491371,18.0147707,-37.99586085,-34.49072081,7.290988575,-5.940289789,-26.64700383,-13.00902151,-11.49568564,-17.10540243,-4.180630814,-4.189892385,-15.62433186,-5.235389654,5.610492859,0.626300606,6.47043385,malani
6.wav,0.198576857,0.133224264,993.9412315,827.196919,1602.759785,0.062881729,-308.7391618,115.0659821,-17.28646485,-11.10756049,-22.87586026,-24.63348129,-14.82230175,-27.58967949,-17.09227847,-14.82571637,-20.52379499,-14.41861974,-16.73165411,-10.38110178,-5.406498944,-5.087367912,1.949185786,-1.725872296,0.41139766,4.501514696,malani
7.wav,0.224324528,0.120600022,2805.532167,1597.293512,4493.173507,0.202494135,-290.4105592,35.5942926,-50.34290829,22.14038202,-38.9629516,8.269194136,-27.42859597,-1.922392994,-18.92732505,-8.362418561,-10.33205974,-14.72301189,3.46968927,-1.680319539,12.95877317,8.471313015,20.58966924,-0.945444051,2.023394821,-0.626534932,malani
8.wav,0.213777358,0.060262486,688.3647276,559.2281642,1081.119745,0.052535021,-428.5500265,109.1472772,30.55998029,-19.23614589,-25.216889,-14.16176854,-8.939351445,-14.6025974,-22.35692382,-21.54497108,-15.54376476,-13.98225537,-14.44523825,-10.73925889,-6.425857247,-5.277287728,-4.692877869,-4.366395385,-5.910836907,-6.385985278,malani
9.wav,0.243110255,0.053976111,757.4045814,701.9863229,1227.523737,0.057448537,-433.9828915,106.660445,27.84980577,-5.774145615,-5.466536343,-8.025501934,-12.10470029,-12.36745355,-13.48643415,-12.10393007,-8.945126421,-10.42649782,-11.2628008,-7.19907928,-5.269174846,-5.398772989,-2.528125216,-1.180786524,-3.072080539,-2.16718577,malani
1.wav,0.239548883,0.091847733,2074.900538,1681.436675,3638.862348,0.11324855,-306.9263656,58.23453891,-28.44184438,-0.029349026,-33.07961762,-18.76000389,-9.749060674,-14.25104751,-19.63184028,-9.797840021,-13.55028324,-9.307869023,-13.80798879,-10.39117099,-9.323325492,-9.89596301,-3.189954375,-0.063512127,0.896792359,-0.971019263,nanda
2.wav,0.213071862,0.060360562,3307.916916,1956.566402,5198.020654,0.231049869,-401.0388481,23.04617184,-13.73787342,6.170236521,-26.45703537,-17.79817404,-13.28200808,-13.90908234,-9.126579816,-10.96854837,-14.88871704,-7.921960796,-13.02477255,-10.30202321,-5.295169622,-8.035811415,1.588499129,6.248325028,4.954071641,10.83096322,nanda
3.wav,0.166689791,0.000564364,4892.185066,1379.523507,6052.82959,0.439268973,-996.0488577,-25.25409855,7.382486675,7.355723429,-20.02855089,25.42668043,-17.94505297,4.155433399,6.915204481,-13.88948765,15.74590159,-9.626981304,0.028092067,8.714861954,-14.2103845,13.64749225,-7.650136375,0.465191118,4.700061737,-6.814181015,nanda
4.wav,0.204920304,0.071317241,2627.535871,1642.248383,3950.812016,0.183409607,-400.4460436,43.81145525,-9.337747858,7.014282384,-16.47227134,-13.38250723,-10.21329835,-15.30507264,-14.10109282,-9.893589234,-14.72593809,-12.03838647,-12.01664602,-8.780821063,-8.851135365,-8.751799955,-2.604501706,0.865954315,3.620653155,3.181313933,nanda
5.wav,0.187607022,0.050826222,2588.774013,1785.672012,4203.7309,0.164434946,-408.164454,27.95512882,-12.13719167,2.075067356,-24.36686784,-13.76314218,-10.54227934,-14.59836229,-8.755140333,-8.433094873,-15.07505658,-10.01277566,-10.4027468,-8.267404326,-6.917716627,-10.4296683,1.210318077,3.94982468,3.483361942,9.060009695,nanda
6.wav,0.291529638,0.114428714,2391.164048,1970.458917,4242.576018,0.13973835,-209.7389053,76.7502223,-39.32221225,1.26600805,-40.0650882,-30.5811816,-6.840711169,-12.24563329,-29.32693945,-6.740417267,-13.71892763,-5.914139167,-14.66257814,-10.8956684,-11.42545475,-11.46175183,-10.34914074,-5.872661615,-5.16350841,-10.2250749,nanda
Buddhanubawena.wav,0.22872857,0.083318971,1972.778975,2028.919848,3966.771708,0.088597186,-306.9085289,52.64293303,-5.895743745,2.526937371,-27.27289744,-9.085095458,-23.31656632,-22.10774673,-15.41905985,-3.504878242,-22.30404579,-13.75893618,-13.12845882,-12.39689253,-9.994767979,-9.709898841,-4.948741258,-8.847079104,-1.576339093,-1.708882892,nanda
rangiri.wav,0.197172888,0.064294383,2831.999278,1834.646854,4529.166885,0.192439024,-395.9441726,27.8681691,-16.299773,0.63228248,-27.03159301,-13.08360088,-11.49568819,-15.92826053,-10.61597563,-8.633938079,-16.21772445,-8.322823611,-11.53081341,-9.506381377,-3.707136724,-7.097022683,2.59959687,6.249549028,6.083546071,11.14758527,nanda
saari.wav,0.217198853,0.128288582,2131.225015,1934.950311,3686.005079,0.116582639,-284.7723331,58.05873755,-15.16738568,-0.107406118,-17.35410106,-17.69609143,-11.97737172,-15.29887537,-16.00249716,-12.79723667,-12.56893299,-11.21909339,-19.90826829,-4.379427871,-14.49968125,-2.713197128,-7.905607554,-0.723716837,4.098782419,-4.280408421,nanda
sakuramal.wav,0.205432495,0.055717543,3200.924347,2033.813024,5054.265895,0.209321418,-388.9044989,27.58641246,-3.771144873,6.029287511,-18.2819795,-14.0658794,-7.615892937,-14.16404069,-10.78291766,-9.377740677,-11.63126048,-7.742692617,-11.70087317,-6.143390583,-10.67377262,-9.845144306,-4.144584637,-0.696804381,-1.026628068,4.163860492,nanda
1.wav,0.196428997,0.036058068,2849.245067,2338.631205,5495.574959,0.14297258,-397.0454388,6.318744398,-28.58064817,-9.517577867,-13.34286998,-27.29353999,-5.722903593,-19.29038396,-10.03133484,1.906831637,-27.15209357,-9.218812013,-17.95944172,-6.28587164,-10.99302424,-6.845012807,-4.652993643,4.667116983,2.198693595,9.977667833,neela
10.wav,0.193943364,0.052289013,3040.898906,2191.163967,5117.865029,0.187376712,-419.5626213,14.6454158,-10.47874883,-11.47135402,-14.19737274,-23.05003052,2.059974253,-22.55681085,-16.55268449,-1.205387417,-20.134826,0.327431971,-5.752101007,2.986796973,0.911767304,-1.500324347,-2.372731025,5.5519525,1.349659813,4.0973372,neela
2.wav,0.182709659,0.03413789,3471.292143,2124.800647,5556.56142,0.227840812,-443.2088583,8.748111202,-19.82351618,4.951227144,-13.70857292,-34.22897864,-2.227916426,-17.16462196,-14.2051489,4.714656474,-20.26905908,-5.604675797,-17.04103024,-8.261256543,0.532303795,2.988178186,10.95000684,22.42546075,8.757229612,7.377352685,neela
3.wav,0.192474173,0.03315419,2720.067843,1979.344906,4768.744286,0.160377767,-432.4511068,12.11083051,-24.3845817,7.1017289,-7.18695605,-24.90742311,0.345314944,-11.06127107,-26.43491221,3.861210473,-17.88734202,-6.320292941,-8.830084847,-5.144098493,-4.402854784,-4.687677812,-8.750335679,3.684926389,-4.23507419,-1.627813134,neela
4.wav,0.197989175,0.034565628,3067.410894,2111.10216,5149.493526,0.185578002,-438.6958895,16.3944484,-21.36672004,-2.559978439,-20.13509109,-12.09805776,2.754486911,-24.26313324,-7.951568917,0.138942491,-21.22758124,-7.208159841,-14.85006905,-5.610102927,-5.433512731,-3.632969931,-5.146283655,4.657017186,0.922134181,7.895030874,neela
5.wav,0.188129821,0.049250696,2490.169842,2411.637985,5034.009666,0.101913481,-393.1043997,13.87762224,-9.79684923,2.121182785,-15.17381765,-25.11579611,7.371755092,-21.53799378,-20.44623681,-2.624624976,-25.97863065,-7.717741833,-18.22179193,-8.108413863,-3.101608256,-0.385915091,-4.24616687,9.514711293,1.531783291,12.1774133,neela
6.wav,0.233301662,0.045170035,3760.588516,2489.966989,6457.308424,0.227053788,-386.4867999,19.22072756,2.400196248,11.76629424,-5.951709951,-7.95547613,-7.063147829,-13.54201374,-12.47812446,-8.235930794,-20.4696708,-6.492277149,-17.57509449,-4.865793541,-5.847545081,-7.150728587,-11.106892,1.679827307,-3.883654488,-3.335953351,neela
7.wav,0.177830593,0.043195497,3098.441109,2230.077679,5460.512359,0.19126148,-413.6766603,8.502314856,-19.24806054,-12.66321709,-16.24631301,-17.25975246,-2.748712589,-19.9360012,-17.66818161,-0.976398979,-20.44390967,-4.298717829,-4.46857172,6.113119421,12.82226216,13.88216053,5.77100855,13.59906295,1.982294966,3.726974105,neela
8.wav,0.181505515,0.036369026,3260.739571,2251.698208,5743.046279,0.184538934,-435.6876121,-1.743473956,-11.17123265,1.670172473,-10.67363477,-21.33475029,0.469754588,-21.53269591,-15.67959295,-0.009530277,-22.0749705,-7.465285327,-16.40107676,-6.214410405,-0.997323347,-0.036458423,4.221230653,14.8165561,5.399316458,14.7646845,neela
9.wav,0.201650126,0.042830091,2465.693018,1922.457393,4333.190221,0.13989918,-426.8308797,33.02953502,5.344160655,5.973000738,-5.886965981,-5.432544678,-10.66271614,-11.56695302,-19.25723554,-5.351039969,-9.351486451,-10.00732505,-13.88368791,-7.515189698,-6.311810359,0.561761184,-6.822109654,1.436678128,-3.004656875,-6.212167402,neela
1.wav,0.184307678,0.103385076,2136.875516,1721.952708,3578.201717,0.122267375,-351.7371928,30.51533468,-38.24615227,-12.63782127,-24.97265621,-25.83657321,-4.033253529,-16.95190286,-15.88094872,-19.48273392,-17.18988145,-5.588411928,1.074635523,9.231784833,9.063906905,11.01643266,12.49644355,13.82958367,7.23098274,3.722704008,nelu
10.wav,0.179365377,0.083206348,2369.363571,1777.300488,3811.557064,0.14646742,-365.3326732,22.88342206,-38.73245908,-3.06427693,-18.0052137,-23.2776272,1.090523192,-18.25581425,-11.33244606,-15.16766739,-17.22805513,-9.208462516,-6.467354818,4.48751696,3.329481981,3.806893489,9.782017845,8.436630964,2.19459436,5.196095629,nelu
3.wav,0.230236278,0.069009498,2517.703878,1832.553035,4185.212599,0.168518786,-345.7630777,40.41507407,-30.27657618,-8.296010327,-22.22882202,-9.672180037,-2.581041263,-16.55411652,-13.39203336,-6.7586749,-7.363806288,-12.19074582,-6.96837431,-1.135662669,-7.98452699,-2.566081046,-0.703355959,2.265646873,-2.664758604,1.80975945,nelu
4.wav,0.178407809,0.087964103,1799.471803,1522.448929,3009.519548,0.106388466,-381.1441067,33.10113683,-29.46322106,-4.291106605,-18.65595351,-22.56087901,2.190981389,-12.96468655,-9.247302473,-17.5972377,-20.63796222,-11.45461098,-4.870422955,7.711010151,1.557655735,6.662459565,3.458225546,1.242203718,0.731926065,7.658258113,nelu
5.wav,0.178970396,0.106592178,1513.528921,1519.360092,2603.89039,0.078152227,-341.6428751,48.82405533,-30.64487701,-17.17449814,-22.04796357,-20.08887227,-6.466047071,-25.17795406,-12.32844935,-14.35978668,-22.19532199,-14.4440828,-7.53889021,3.379442294,3.61477036,6.568954872,9.063360756,9.110670334,4.135634793,1.338554897,nelu
6.wav,0.205527416,0.093008839,1699.969507,1732.015708,2907.923137,0.083059183,-341.489316,53.57186772,-25.5017271,-4.169645379,-15.49493416,-23.45551139,4.420911316,-15.55548507,-18.25689591,-18.00057329,-19.84296505,-13.00209621,-6.682763071,0.200956742,-3.330779332,1.073085562,-5.504453328,0.042815976,-5.067051846,-4.357053564,nelu
7.wav,0.19974645,0.060839586,2248.531733,1551.528683,3587.893875,0.150981889,-390.8590932,32.3343831,-30.88892328,-8.083311709,-13.40389929,-14.71101067,-4.970693625,-12.96992639,-13.84033837,-11.88695607,-12.94819849,-11.54986664,-8.013208012,1.042888739,-3.434536424,-0.260276145,3.907820841,4.170982565,0.608810865,0.288546426,nelu
8.wav,0.195197857,0.115308866,1820.108134,1873.949485,3249.612349,0.089656562,-316.5718935,55.69333013,-14.83187032,-4.958975902,-5.192227089,-17.37138826,-0.323396346,-11.90526299,-10.80631313,-7.828678235,-19.13368269,-12.85520883,-6.135292829,-3.218223302,-2.501234791,-1.57867439,2.17856726,2.239779936,-2.100917422,5.354557158,nelu
9.wav,0.176335843,0.073851652,2287.74559,1681.09669,3761.947816,0.14105545,-369.7695864,25.00404228,-39.61115693,-11.34189984,-20.28250543,-22.74547058,-4.940112235,-19.78224707,-10.39904926,-9.344828786,-16.27228219,-6.170697301,2.447479888,5.003248735,3.703449974,3.25888854,5.184887268,4.717149922,-0.925800078,2.037407858,nelu
